"name"	"description"	"shortDescription"	"price"	"marketPrice"	"currency"	"category"	"location"	"duration"	"maxParticipants"	"minParticipants"	"image"	"images"	"isActive"	"isFeatured"	"tags"	"difficulty"	"seoTitle"	"seoDescription"	"seoKeywords"
"Balade en dromadaire à Agafay"	"Une balade inoubliable pour découvrir le désert d’Agafay en dromadaire vous attend.
INFORMATIONS IMPORTANTES :
-Le transport aller/retour depuis votre logement est inclus. D’autres personnes peuvent être présentes durant le trajet.
-Merci d’indiquer l’horaire a laquelle le chauffeur viendra vous chercher.
-Le paiement se fait sur place.
-Vous pouvez réserver cette activité si vous êtes au minimum 2 personnes.
-Supplément à prévoir si votre hôtel est éloigné.
Le programme :
-Le chauffeur vient vous chercher à votre logement selon l’heure choisie.
-Arrivez à Agafay vous faites connaissance avec les dromadaires.
-Vous partez pour une balade d’1 heure.
-Une pause thé est proposée après la balade.
Voir la localisation"	"Une balade inoubliable pour découvrir le désert d’Agafay en dromadaire vous attend."	"30"	""	"EUR"	"Activities"	"Désert d'Agafay"	"-300 DH (30€) par personne.
-150 DH (15€) pour les enfants de moins de 10 ans."	""	""	"https://marrakechbestof.com/wp-content/uploads/2022/11/inara-camp-13.jpeg"	"https://marrakechbestof.com/wp-content/uploads/2022/11/inara-camp-13.jpeg"	"TRUE"	"FALSE"	""	"Easy"	"Balade en dromadaire à Agafay - Marrakech Best Of"	""	""
"Balade en trottinette dans la Médina"	"Découvrez la Médina de Marrakech en trottinette électrique tout terrain.
Accompagné d’un guide passionné, vous pourrez explorer les quartiers emblématiques de la vieille ville autrement: les souks, les ruelles chargées d’histoire, et des lieux incontournables tel que les palais.
C’est une expérience inoubliable que vous permettra d’allier découverte, fun et immersion culturelle!
INFORMATIONS IMPORTANTES :
-Le transport aller/retour depuis votre logement est inclus. D’autres personnes peut être présentes durant le trajet.
-Vous pouvez réserver cette activité si vous êtes au minimum 2 personnes.
-Vous serez accompagné du guide. Vous serez maximum 8 personnes par balade.
-La balade dure 2h.
-Il est nécessaire de mesurer 1m30 minimum.
-Prévoyez des chaussures fermées.
-Le paiement se fait sur place.
-Supplément à prévoir si votre hôtel est éloigné :
Si votre hôtel est à + de 22km de la base du partenaire, voici le supplément à régler entre 2 et 6 personnes. Vous serez bien sûr mis au courant de ce supplément dès la réservation :
Hôtel situé entre 22km à 30km de la base : 150 DH Hôtel situé entre 31km à 40km de la base : 250 DH
Hôtel situé entre 41km à 50km de la base : 300 DH
Le programme :
-Le chauffeur vient vous chercher à votre logement selon l’heure choisie.
-Après explication des machines, vous partez pour une balade de 2h avec le guide.
-Le guide vous donnera des explications très intéressantes sur la Médina et ses lieux incontournables."	"Découvrez la Médina de Marrakech en trottinette électrique tout terrain."	"45"	""	"EUR"	"Activities"	"Médina"	"2h de balade: 45€ par personne."	""	""	"https://marrakechbestof.com/wp-content/uploads/2024/11/WhatsApp-Image-2024-11-22-at-16.38.26-768x1024.jpeg"	"https://marrakechbestof.com/wp-content/uploads/2024/11/WhatsApp-Image-2024-11-22-at-16.38.26-768x1024.jpeg,https://marrakechbestof.com/wp-content/uploads/2024/11/WhatsApp-Image-2024-11-22-at-16.38.27-923x1024.jpeg,https://marrakechbestof.com/wp-content/uploads/2024/11/WhatsApp-Image-2024-11-22-at-16.38.56-768x1024.jpeg,https://marrakechbestof.com/wp-content/uploads/2024/11/WhatsApp-Image-2024-11-22-at-16.43.38-768x1024.jpeg"	"TRUE"	"FALSE"	""	"Easy"	"Balade en trottinette dans la Médina - Marrakech Best Of"	""	""
"Montgolfière"	"Vivez la plus belle des excursions dans les airs en montgolfière.
Une balade dans les airs d’1h environ ou vous découvrirez ces jolies montagnes, vous survolerez les villages appelés les douar, et vous verrez Marrakech de haut.
Vous assisterez au lever du soleil à l’horizon, un moment unique qu’il faut vivre au moins une fois dans sa vie.
INFORMATIONS IMPORTANTES :
-Un coursier viendra récupérer la veille la totalité du paiement de l’activité à 19H directement à votre hébergement. Non remboursable.
– L’horaire exacte du départ sera envoyé la veille.
– Vous pourrez voir le lever du soleil selon les conditions météorologiques.
Programme :
-Transport A/R en 4×4 à votre hôtel avant le lever du soleil. L’horaire exacte du départ sera envoyé par message whatsApp la veille.
-Thé marocain d’accueil.
-Vol entre 40 et 60 minutes en fonction des conditions de sécurité de vol.
-Petit-déjeuner Berbère sous tente caïdale.
-Remise d’un certificat de vol.
-Retour vers l’hôtel vers 10h du matin."	"Vivez la plus belle des excursions dans les airs en montgolfière."	"180"	""	"EUR"	"Activities"	"Environs de Marrakech"	"1800DH (180€) par personne au lieu de 2050DH (205€) par personne
-50% pour les enfants de 4 à 10 ans
Gratuit pour les moins de 3 ans
Vous pouvez aussi privatiser la montgolfière juste pour vous et prendre le petit déjeuner dans les airs. (5800 DH environ 550€ par personne)
Le paiement se fait la veille du vol, un coursier passera à votre hôtel pour récupérer le paiement. Non remboursable."	""	""	"https://marrakechbestof.com/wp-content/uploads/2018/10/F109948D-5C91-4725-AA57-EE94E54D00AF.jpeg"	"https://marrakechbestof.com/wp-content/uploads/2018/10/F109948D-5C91-4725-AA57-EE94E54D00AF.jpeg,https://marrakechbestof.com/wp-content/uploads/2018/10/23D653C7-B674-4557-B10A-01237A5AC559-1024x751.jpeg,https://marrakechbestof.com/wp-content/uploads/2018/10/D7E84FBF-9D98-49AE-A79E-743DAFDE21D7-1024x768.jpeg,https://marrakechbestof.com/wp-content/uploads/2018/10/13A34DF8-9AB6-4849-BF58-EAD28541D1DD-1024x576.jpeg"	"TRUE"	"FALSE"	""	"Easy"	"Montgolfière - Marrakech Best Of"	""	""
"Surf"	"Venez découvrir la première vague artificielle à Marrakech, idéale pour initier les enfants aux plaisirs de la glisse en toute sécurité. Encadrée par des professionnels, chaque session d’une heure permet de découvrir les sensations du surf ou du bodyboard dans un cadre ludique et rafraîchissant.
INFORMATIONS IMPORTANTES :
-Le paiement se fait sur place.
-A partir de 5 ans.
Voir la localisation"	"Venez découvrir la première vague artificielle à Marrakech, idéale pour initier les enfants aux plaisirs de la glisse en toute sécurité. Encadrée par des professionnels, chaque session d’une heure permet de découvrir les sensations du surf ou du bodyboard dans un cadre ludique et rafraîchissant."	"18"	""	"EUR"	"Activities"	"Route d'Amizmiz"	"180 DH (18€) par personne pour 30 min de wave.
290 DH (29€) par personne pour 1h de wave."	""	""	"https://marrakechbestof.com/wp-content/uploads/2025/07/image00004-768x1024.jpeg"	"https://marrakechbestof.com/wp-content/uploads/2025/07/image00004-768x1024.jpeg,https://marrakechbestof.com/wp-content/uploads/2025/07/image00006-768x1024.jpeg,https://marrakechbestof.com/wp-content/uploads/2025/07/image00008-768x1024.jpeg,https://marrakechbestof.com/wp-content/uploads/2025/07/image00009-768x1024.jpeg,https://marrakechbestof.com/wp-content/uploads/2025/07/image00010-768x1024.jpeg,https://marrakechbestof.com/wp-content/uploads/2025/07/image00011-768x1024.jpeg,https://marrakechbestof.com/wp-content/uploads/2025/07/image00014-768x1024.jpeg,https://marrakechbestof.com/wp-content/uploads/2025/07/image00016-768x1024.jpeg,https://marrakechbestof.com/wp-content/uploads/2025/07/image00017-768x1024.jpeg,https://marrakechbestof.com/wp-content/uploads/2025/07/image00018-768x1024.jpeg,https://marrakechbestof.com/wp-content/uploads/2025/07/image00019-768x1024.jpeg,https://marrakechbestof.com/wp-content/uploads/2025/07/image00020-768x1024.jpeg"	"TRUE"	"FALSE"	""	"Easy"	"Surf - Marrakech Best Of"	""	""
"Buggy à Agafay"	"Une balade inoubliable pour découvrir le désert d’Agafay en buggy vous attend.
Vous découvrirez le désert de roches, à 45 minutes de Marrakech. Cet endroit est vraiment exceptionnel, il fait partie des choses incontournables à faire lors de votre séjour.
INFORMATIONS IMPORTANTES :
-Le transport aller/retour depuis votre logement est inclus. D’autres personnes peut être présentes durant le trajet.
– Même si vous êtes seuls, vous payerez le tarif du buggy 2 places.
-Supplément de 100 dh (10€) si votre hôtel est hors Marrakech. (+ de 10KM du centre ville)
-Durant la balade en buggy vous serez accompagné du guide.
-Prévoyez des chaussures fermées.
-Le paiement se fait sur place.
-L’activité se fait en petit groupe
Le programme :
-Le chauffeur vient vous chercher à votre logement selon l’heure choisie.
-Après 55 minutes de route, vous arrivez au désert d’Agafay.
-Après explication des machines, vous partez pour une balade en petit groupe de 2h avec le guide.
-Arrêt dans un bivouac traditionnel pour une pause thé.
-Plusieurs arrêts sont proposés pour prendre des photos.
Voir la localisation"	"Une balade inoubliable pour découvrir le désert d’Agafay en buggy vous attend."	"150"	""	"EUR"	"Activities"	"Désert d’agafay"	"-Buggy 2 places 550cc avec transport inclus et pause thé : 150€ (soit 75€ par personne si vous êtes 2)
-Buggy 2 places 1000cc avec transport transport inclus et pause thé : 200€ (soit 100€ par personne si vous êtes 2)"	""	""	"https://marrakechbestof.com/wp-content/uploads/2021/07/687C39C6-8AC8-4E9E-8DA7-B47DFCD19AFF.jpeg"	"https://marrakechbestof.com/wp-content/uploads/2021/07/687C39C6-8AC8-4E9E-8DA7-B47DFCD19AFF.jpeg,https://marrakechbestof.com/wp-content/uploads/2021/07/D415CA9D-962D-4088-A0CC-6A6A146757B1.jpeg,https://marrakechbestof.com/wp-content/uploads/2021/07/44AAE527-5999-414A-BC17-FB42473BA6A1.jpeg,https://marrakechbestof.com/wp-content/uploads/2021/07/WhatsApp-Image-2023-03-16-at-17.15.02.jpeg,https://marrakechbestof.com/wp-content/uploads/2021/07/WhatsApp-Image-2023-03-16-at-17.15.40-1024x678.jpeg"	"TRUE"	"FALSE"	""	"Easy"	"Buggy à Agafay - Marrakech Best Of"	""	""
"Jump Park"	"Jump Park est un parc de trampolines dynamique où les enfants peuvent se défouler, sauter et s’amuser en toute liberté. Un espace sécurisé et stimulant, idéal pour libérer leur énergie tout en s’amusant.
INFORMATIONS IMPORTANTES :
-Le paiement se fait sur place.
-Activité réservée aux enfants uniquement.

Voir la localisation"	"Jump Park est un parc de trampolines dynamique où les enfants peuvent se défouler, sauter et s’amuser en toute liberté. Un espace sécurisé et stimulant, idéal pour libérer leur énergie tout en s’amusant."	"9"	""	"EUR"	"Activities"	"Route d'Amizmiz"	"90 DH (9€) par personne pour 1h de jump.
160 DH (16€) par personne pour 2h de jump."	""	""	"https://marrakechbestof.com/wp-content/uploads/2025/07/WhatsApp-Image-2025-06-28-at-19.42.58-2-1024x577.jpeg"	"https://marrakechbestof.com/wp-content/uploads/2025/07/WhatsApp-Image-2025-06-28-at-19.42.58-2-1024x577.jpeg,https://marrakechbestof.com/wp-content/uploads/2025/07/WhatsApp-Image-2025-06-28-at-19.42.58-1-659x1024.jpeg,https://marrakechbestof.com/wp-content/uploads/2025/07/DSC08410-683x1024.jpg,https://marrakechbestof.com/wp-content/uploads/2025/07/DSC08393-683x1024.jpg,https://marrakechbestof.com/wp-content/uploads/2025/07/DSC08379-683x1024.jpg,https://marrakechbestof.com/wp-content/uploads/2025/07/DSC08373-2-683x1024.jpg,https://marrakechbestof.com/wp-content/uploads/2025/07/DSC08361-683x1024.jpg,https://marrakechbestof.com/wp-content/uploads/2025/07/DSC04852-683x1024.jpg,https://marrakechbestof.com/wp-content/uploads/2025/07/DSC08352-683x1024.jpg"	"TRUE"	"FALSE"	""	"Easy"	"Jump Park - Marrakech Best Of"	""	""
"Atelier de poterie"	"Une activité originale à faire et à faire aussi bien avec les enfants !
L’atelier est situé au quartier industriel de Sidi Ghanem créé par Karima et ses 2 soeurs, céramistes de métier et passionnées par la poterie.Vous finirez par apprendre à faire une poterie sur le tour. C’est d’ailleurs assez difficile mais c’est une superbe expérience ! Vous pourrez repartir avec vos poteries réalisées.
INFORMATIONS IMPORTANTES :
-2 créneaux sont possibles : 10h-12h ou 16h-18h.
-A partir de 3 ans.
-Le cours n’est pas privatif, vous serez avec 10 personnes maximum.
-Le paiement devra être fait à l’avance. Le prestataire vous contactera et vous enverra un lien de paiement sécurisé pour régler le total par carte bancaire.

Voir la localisation"	"Une activité originale à faire et à faire aussi bien avec les enfants !"	"30"	""	"EUR"	"Activities"	"Sidi Ghanem"	"300 DH (30 €) par personne (prix identique pour les enfants)"	""	""	"https://marrakechbestof.com/wp-content/uploads/2018/09/téléchargement-3-1.jpeg"	"https://marrakechbestof.com/wp-content/uploads/2018/09/téléchargement-3-1.jpeg,https://marrakechbestof.com/wp-content/uploads/2018/09/ccccccccccccccccc.jpg,https://marrakechbestof.com/wp-content/uploads/2018/09/atelier-de-poterie-du.jpg"	"TRUE"	"FALSE"	""	"Easy"	"Atelier de poterie - Marrakech Best Of"	""	""
"Quad + déjeuner et accès piscine au Bédouin + transport"	"Profitez d’une magnifique journée au désert d’Agafay : l’incontournable à Marrakech.
Le désert d’Agafay est situé à 1H de route du centre. Le paysage est magnifique, ce sera une journée inoubliable.
La matinée quad sera chargée de sensations fortes puis vous profiterez d’un sublime camp pour déjeuner et pour profiter de la piscine.
Le camp Le Bédouin est authentique et il y aura une ambiance musicale autour de la piscine tous les jours.
INFORMATIONS IMPORTANTES :
-Le paiement se fait sur place sauf pour le Bédouin, séparément auprès de chaque prestataire. Chaque personne devra régler : 70€ pour le quad, 45€ pour le camp (hors boissons), 15€ par personne pour le chauffeur retour.
-Le Bédouin vous contactera par e-mail pour demander le paiement intégral à l’avance via un lien de paiement afin de garantir votre réservation. En cas d’annulation, le Bédouin vous remboursera si vous annulez plus de 48 heures à l’avance.
-Il faudra régler chaque prestataire en espèces, en euros ou dirhams.
-Prévoyez des chaussures fermées pour le quad.
-Minimum de 2 personnes.
-Tout est compris dans cette journée, sauf les boissons.
-Supplément à partir de 200 DH (20€) pour votre groupe si votre hôtel est hors Marrakech. (+ de 10KM du centre ville)
-Le transport se fait en groupe.
-Les transporteurs vous contacteront la veille au soir sur WhatsApp.
-L’activité se fait en petit groupe
Programme de la journée :
9h ou 11h : Départ pour le quad 
Départ à 9h00 ou 11h00 de votre hôtel avec le transport (en groupe). Vous choisissez l’horaire de votre choix.
Comptez environ 1H de route
Vous démarrez ensuite 2h de balade en petit groupe avec un guide
Pause thé inclus
Le transport du quad vous dépose ensuite au camp pour le déjeuner et l’accès piscine.
Total = 700 DH (70€) par personne à régler au partenaire du quad.
Après midi piscine et déjeuner dans le camp Le Bédouin :
Le déjeuner comprend entrée, plat, dessert selon le menu marocain hors boissons. Vous pourrez profiter de la piscine, des transats et les serviettes sont fournies.
Total = 450 DH (45€) par personne (hors boissons) à régler au camp Le Bédouin.
Transport retour vers Marrakech (17h ou 19h au choix) :
Le transport pour rentrer à Marrakech se fait en groupe.
Le chauffeur viendra vous chercher à l’heure que vous sélectionnez lors de la réservation. L’horaire ne pourra pas être changé en dernière minute.
Total = 150 DH (15€) par personne pour le transport retour
Voir la localisation"	"Profitez d’une magnifique journée au désert d’Agafay : l’incontournable à Marrakech."	"130"	""	"EUR"	"Activities"	"Désert d'Agafay"	"1300 DH (130€) par personne (minimum 2 personnes)
Les paiements se font séparément auprès de chaque prestataire. Chaque personne devra régler : 700 DH (70€) pour le quad, 450 DH (45€) pour le camp (hors boissons), 150 DH (15€) pour le chauffeur retour.
800 DH (80€) pour les enfants de 6 à 10 ans.
Les serviettes sont fournies."	""	"2"	"https://marrakechbestof.com/wp-content/uploads/2022/11/9C292DFD-B49B-47AA-A9FA-D99D46E3A424-768x1024-1.jpeg"	"https://marrakechbestof.com/wp-content/uploads/2022/11/9C292DFD-B49B-47AA-A9FA-D99D46E3A424-768x1024-1.jpeg,https://marrakechbestof.com/wp-content/uploads/2021/08/3D22E5C9-B54D-4AB3-8DF5-066638C4062D-768x1024.jpeg,https://marrakechbestof.com/wp-content/uploads/2021/08/6BCE9AD8-B4E0-495E-8B6A-1BE95BCBAC31-768x1024.jpeg,https://marrakechbestof.com/wp-content/uploads/2021/09/B15B94C4-563D-46CB-9B06-ED6B3C01807F-768x1024-1.jpeg,https://marrakechbestof.com/wp-content/uploads/2021/08/5DF287DF-1C86-419E-BB71-9758FDAC313F-768x1024.jpeg,https://marrakechbestof.com/wp-content/uploads/2022/11/A30F568D-E528-4D02-9BA2-10B25D3CE121-768x1024-1.jpeg,https://marrakechbestof.com/wp-content/uploads/2021/08/DBB4AE43-7B48-4124-893A-DC6A9FFDFB60-768x1024.jpeg"	"TRUE"	"FALSE"	""	"Easy"	"Quad + déjeuner et accès piscine au Bédouin + transport - Marrakech Best Of"	""	""
"Quad + déjeuner et accès piscine Agafay Valley + transport"	"Profitez d’une magnifique journée au désert d’Agafay : l’incontournable à Marrakech.
Le désert d’Agafay est situé à 1H de route du centre. Le paysage est magnifique, ce sera une journée inoubliable.
La matinée quad sera chargée de sensations fortes puis vous profiterez d’un sublime camp pour déjeuner et pour profiter de la piscine.
Agafay Valley est un camp situé dans le désert d’Agafay, à 45 minutes de Marrakech. Venez vous détendre au bord de la piscine et profitez d’un magnifique repas.
INFORMATIONS IMPORTANTES :
-Le paiement se fait sur place, séparément auprès de chaque prestataire. Chaque personne devra régler : 70€ pour le quad, 45€ pour le camp (hors boissons), 15€ par personne pour le chauffeur retour.
-Il faudra régler chaque prestataire en espèces, en euros ou dirhams.
-Prévoyez des chaussures fermées pour le quad.
-Minimum de 2 personnes.
-Tout est compris dans cette journée, sauf les boissons.
-Supplément à partir de 200 DH (20€) pour votre groupe si votre hôtel est hors Marrakech. (+ de 10KM du centre ville)
-Le transport se fait en groupe.
-Les transporteurs vous contacteront la veille au soir sur WhatsApp.
-L’activité se fait en petit groupe
Programme de la journée :
9h ou 11h : Départ pour le quad 
Départ à 9h00 ou 11h00 de votre hôtel avec le transport (en groupe). Vous choisissez l’horaire de votre choix.
Comptez environ 1H de route
Vous démarrez ensuite 2h de balade en petit groupe avec un guide
Pause thé inclus
Le transport du quad vous dépose ensuite au camp pour le déjeuner et l’accès piscine.
Total = 700 DH (70€) par personne à régler au partenaire du quad.
Après midi piscine et déjeuner dans le camp Agafay Valley :
Le déjeuner comprend entrée, plat, dessert selon le menu du jour hors boissons. Vous pourrez profiter de la piscine, des transats et les serviettes sont fournies.
Total = 450 DH (45€) par personne (hors boissons) à régler au camp Agafay Valley.
Transport retour vers Marrakech (17h ou 19h au choix) :
Le transport pour rentrer à Marrakech se fait en groupe.
Le chauffeur viendra vous chercher à l’heure que vous sélectionnez lors de la réservation. L’horaire ne pourra pas être changé en dernière minute.
Total = 150 DH (15€) par personne pour le transport retour
Voir la localisation"	"Profitez d’une magnifique journée au désert d’Agafay : l’incontournable à Marrakech."	"130"	""	"EUR"	"Activities"	"Désert d'Agafay"	"1300 DH (130€) par personne (minimum 2 personnes)
Les paiements se font séparément auprès de chaque prestataire. Chaque personne devra régler : 700 DH (70€) pour le quad, 450 DH (45€) pour le camp (hors boissons), 150 DH (15€) pour le chauffeur retour.
800 DH (80€) pour les enfants de 3 à 12 ans.
Les serviettes sont fournies."	""	"2"	"https://marrakechbestof.com/wp-content/uploads/2024/04/IMG_4913-821x1024.jpg"	"https://marrakechbestof.com/wp-content/uploads/2024/04/IMG_4913-821x1024.jpg,https://marrakechbestof.com/wp-content/uploads/2024/04/PHOTO-2024-04-16-19-27-59-5-768x1024.jpg,https://marrakechbestof.com/wp-content/uploads/2024/04/PHOTO-2024-04-16-19-27-38-2-768x1024.jpg"	"TRUE"	"FALSE"	""	"Easy"	"Quad + déjeuner et accès piscine Agafay Valley + transport - Marrakech Best Of"	""	""
"Visite de la Koutoubia, le Jardin Secret et la Medersa Ben Youssef"	"Venez découvrir Marrakech!
Accompagné de votre guide, vous irez durant une demi journée visiter la Mosquée de la Koutoubia, le Jardin Secret ainsi que la Medersa Ben Youssef. La visite est privée, il n’y aura que vous avec le guide.
INFORMATIONS IMPORTANTES :
-Les horaires de visites sont 10h-14h ou 14h30-18h30.
-Le tarif d’entrée des monuments ne sont pas inclus.(130dh)
-Si vous choisissez de faire cette visite le vendredi, il risque d’y avoir plus de monde que d’habitude car les entrées des monuments sont gratuits ce jour pour les marocains.
-Nous vous recommandons de choisir un jour entre le lundi et le jeudi pour pouvoir y voir tous les artisans.
-Un acompte de 10€ sera demandé via lien de paiement.
-Le point de rdv avec le guide se fera devant le café médina rouge à Jamaa Al Fna.
Programme :
-Vous commencerez par passer devant la mosquée de la Koutoubia. L’entrée est autorisée qu’aux musulmans. Le guide vous expliquera l’histoire de cette mosquée légendaire.
-Visite du Jardin Secret. Situé au cœur de la Médina, le Jardin Secret est un vrai chef d’œuvre floral.
– Visite de la Medersa Ben Youssef. Le guide vous donnera toutes les informations importantes sur cette école coranique.
"	"Venez découvrir Marrakech!"	"25"	""	"EUR"	"Activities"	"Medina"	"250 DH (25€) par personne pour la demi journée avec le guide. 4h de visite.
minimum 2 personnes
Pour toutes les visites de plus de 2 personnes : toutes les personnes en plus payeront uniquement 5€ et non 25€
Exemple : vous êtes 3, 2 payeront 25€ et la 3eme personne payera 5€, soit au total 25+25+5 = 55€ la visite"	""	""	"https://marrakechbestof.com/wp-content/uploads/2023/11/WhatsApp-Image-2023-11-15-at-16.34.39-2.jpeg"	"https://marrakechbestof.com/wp-content/uploads/2023/11/WhatsApp-Image-2023-11-15-at-16.34.39-2.jpeg,https://marrakechbestof.com/wp-content/uploads/2023/11/WhatsApp-Image-2023-11-15-at-16.34.39.jpeg,https://marrakechbestof.com/wp-content/uploads/2023/11/WhatsApp-Image-2023-11-15-at-16.34.39-1.jpeg"	"TRUE"	"FALSE"	""	"Easy"	"Visite de la Koutoubia, le Jardin Secret et la Medersa Ben Youssef - Marrakech Best Of"	""	""
"Gravity Park"	"Venez découvrir le parc de loisirs de Marrakech, où vos enfants pourront s’amuser et se détendre dans une ambiance conviviale: Gravity Park.
Le lieu s’étend sur une surface de plus de 5000m2, offrant une restauration de qualité et des activités pour tous les âges: Jump, Buncker, arcades, piscine,….
INFORMATIONS IMPORTANTES :
-Le paiement se fait sur place.
-Activité réservée aux enfants uniquement.
Voir la localisation"	"Venez découvrir le parc de loisirs de Marrakech, où vos enfants pourront s’amuser et se détendre dans une ambiance conviviale: Gravity Park."	"55"	""	"EUR"	"Activities"	"Route d'Amizmiz"	"550DH (55€) par enfant."	""	""	"https://marrakechbestof.com/wp-content/uploads/2025/01/image00014-576x1024.jpeg"	"https://marrakechbestof.com/wp-content/uploads/2025/01/image00014-576x1024.jpeg,https://marrakechbestof.com/wp-content/uploads/2025/01/image00017-576x1024.jpeg,https://marrakechbestof.com/wp-content/uploads/2025/01/IMG_0001-768x1024.jpg,https://marrakechbestof.com/wp-content/uploads/2025/01/DSC04729-683x1024.jpg,https://marrakechbestof.com/wp-content/uploads/2025/01/Capture-decran-2025-06-28-a-10.48.01-765x1024.png,https://marrakechbestof.com/wp-content/uploads/2025/01/DSC04725-683x1024.jpg,https://marrakechbestof.com/wp-content/uploads/2025/01/DSC04729-1-683x1024.jpg,https://marrakechbestof.com/wp-content/uploads/2025/01/DSC04731-683x1024.jpg,https://marrakechbestof.com/wp-content/uploads/2025/01/DSC04733-683x1024.jpg,https://marrakechbestof.com/wp-content/uploads/2025/01/DSC04747-1024x683.jpg,https://marrakechbestof.com/wp-content/uploads/2025/01/DSC04852-683x1024.jpg,https://marrakechbestof.com/wp-content/uploads/2025/01/DSC04863-683x1024.jpg,https://marrakechbestof.com/wp-content/uploads/2025/01/DSC08339-683x1024.jpg,https://marrakechbestof.com/wp-content/uploads/2025/01/DSC08342-683x1024.jpg,https://marrakechbestof.com/wp-content/uploads/2025/01/DSC08352-683x1024.jpg,https://marrakechbestof.com/wp-content/uploads/2025/01/DSC08361-683x1024.jpg,https://marrakechbestof.com/wp-content/uploads/2025/01/DSC08373-2-683x1024.jpg,https://marrakechbestof.com/wp-content/uploads/2025/01/DSC08379-683x1024.jpg,https://marrakechbestof.com/wp-content/uploads/2025/01/DSC08393-683x1024.jpg,https://marrakechbestof.com/wp-content/uploads/2025/01/DSC08410-683x1024.jpg,https://marrakechbestof.com/wp-content/uploads/2025/01/DSC08519-683x1024.jpg,https://marrakechbestof.com/wp-content/uploads/2025/01/DSC08524-1024x683.jpg,https://marrakechbestof.com/wp-content/uploads/2025/01/IMG_1231-768x1024.jpeg,https://marrakechbestof.com/wp-content/uploads/2025/01/IMG_1523-768x1024.jpeg,https://marrakechbestof.com/wp-content/uploads/2025/01/IMG_2968-576x1024.jpg,https://marrakechbestof.com/wp-content/uploads/2025/01/IMG_3023-768x1024.jpg,https://marrakechbestof.com/wp-content/uploads/2025/01/IMG_5730-768x1024.jpg,https://marrakechbestof.com/wp-content/uploads/2025/01/WhatsApp-Image-2025-06-28-at-19.42.58-1-659x1024.jpeg,https://marrakechbestof.com/wp-content/uploads/2025/01/WhatsApp-Image-2025-06-28-at-19.42.58-2-1024x577.jpeg,https://marrakechbestof.com/wp-content/uploads/2025/01/image00011-768x1024.jpeg,https://marrakechbestof.com/wp-content/uploads/2025/01/image00020-768x1024.jpeg"	"TRUE"	"FALSE"	""	"Easy"	"Gravity Park - Marrakech Best Of"	""	""
"Balade en dromadaire à la Palmeraie"	"La balade en dromadaire dans la Palmeraie est une activité incontournable à faire à Marrakech.
A seulement 15 minutes du centre, vous découvrirez un endroit exceptionnel pendant une balade d’1 heure.
INFORMATIONS IMPORTANTES :
-Le transport aller/retour depuis votre logement est inclus. D’autres personnes peut être présentes durant le trajet.
– Vous pouvez réserver cette activité si vous êtes au minimum 2 personnes.
– Supplément à prévoir si votre hôtel est éloigné.
Si votre hôtel est à + de 22km de la base du partenaire de quad, voici le supplément à régler entre 2 et 6 personnes.
Vous serez bien sûr mis au courant de ce supplément dès la réservation :
Hôtel situé entre 22km à 30km de la base : 150 DH
Hôtel situé entre 31km à 40km de la base : 250 DH
Hôtel situé entre 41km à 50km de la base : 300 DH
-Le paiement se fait sur place.
Le programme :
-Le chauffeur vient vous chercher à votre logement selon l’heure choisie.
-Arrivez à la Palmeraie vous faites connaissance avec les dromadaires.
-Vous partez pour une balade d’1 heure.
-Une pause thé est proposée après la balade.
Voir la localisation"	"La balade en dromadaire dans la Palmeraie est une activité incontournable à faire à Marrakech."	"30"	""	"EUR"	"Activities"	"Palmeraie"	"-300 DH (30€) par personne
-150 DH (15€) par enfant s’ils montent avec un adulte"	""	""	"https://marrakechbestof.com/wp-content/uploads/2018/09/images-1-1.jpeg"	"https://marrakechbestof.com/wp-content/uploads/2018/09/images-1-1.jpeg,https://marrakechbestof.com/wp-content/uploads/2018/09/La_Palmeraie_de_Marrakech_709-1024x468-1024x468.jpg"	"TRUE"	"FALSE"	""	"Easy"	"Balade en dromadaire à la Palmeraie - Marrakech Best Of"	""	""
"Balade en Jeep"	"Prenez le volant d’une Jeep de collection et partez à la découverte de la région de Marrakech.
À 50 minutes du centre-ville de la ville ocre, vous pourrez découvrir des paysages splendides.
INFORMATIONS IMPORTANTES :
-Un acompte de 20% sera demandé via lien de paiement pour confirmer la réservation.
-Minimum de 2 personnes.
-Vous avez le choix entre une excursion d’une demi-journée ou d’une journée complète.
-Le déjeuner est compris dans la balade.
-Prévoyez des chaussures fermées.
-Nous vous conseillons de bien vous couvrir.
-5 ans de permis nécessaire pour les conducteurs.
-Supplément à prévoir si votre hôtel est éloigné :
Si votre hôtel est à + de 5km du centre-ville de Marrakech, un supplément de 10€ par personne sera demandé.
Programme de la demi-journée :
-Prise en charge à votre hôtel.
-Début de l’excursion à 10h: passage derrière le désert d’Agafay.
-Découverte du Plateau du Kik et pause thé.
-Direction Moulay Brahim et déjeuner.
-Retour vers 14h.
-Retour à Marrakech vers 15h.
Programme de la journée :
-Prise en charge à votre hôtel.
-Début de l’excursion à 10h: passage derrière le désert d’Agafay.
-Découverte du Plateau du Kik et pause thé.
-Poursuite de la balade vers Moulay Brahim.
-Découverte des vallées de l’Ourika et d’Oukaimeden.
-Déjeuner.
-Retour vers 16h.
-Retour à Marrakech vers 17h."	"Prenez le volant d’une Jeep de collection et partez à la découverte de la région de Marrakech."	"95"	""	"EUR"	"Activities"	"Environs de Marrakech"	"Excursion d’une demi-journée:
950DH (95€) par personne.
150DH (15€) pour les enfants.
2 adultes minimum
Excursion d’une journée:
1700DH (170€) par personne.
150DH (15€) pour les enfants.
2 adultes minimum"	""	"2"	"https://marrakechbestof.com/wp-content/uploads/2025/01/WhatsApp-Image-2025-02-12-at-10.54.17-1024x768.jpeg"	"https://marrakechbestof.com/wp-content/uploads/2025/01/WhatsApp-Image-2025-02-12-at-10.54.17-1024x768.jpeg,https://marrakechbestof.com/wp-content/uploads/2025/01/WhatsApp-Image-2025-02-12-at-10.54.30-1024x768.jpeg,https://marrakechbestof.com/wp-content/uploads/2025/01/WhatsApp-Image-2025-02-12-at-10.54.48-768x1024.jpeg,https://marrakechbestof.com/wp-content/uploads/2025/01/WhatsApp-Image-2025-02-12-at-10.54.53-1-1024x680.jpeg,https://marrakechbestof.com/wp-content/uploads/2025/01/WhatsApp-Image-2025-02-12-at-10.54.53-768x1024.jpeg"	"TRUE"	"FALSE"	""	"Easy"	"Balade en Jeep - Marrakech Best Of"	""	""
"Wake Board"	"Sur un lac artificiel, vous pourrez vous amuser à faire du wake board.
C’est une activité parfaite pour les enfants, les familles ou même les amis qui souhaitent s’amuser pour la journée.Plusieurs parcours sont proposés en fonction de votre niveau, vous pourrez vous entraîner au début dans un parcours spécial débutant pour ensuite accéder au grand tour.
INFORMATIONS IMPORTANTES :
-Les enfants peuvent faire du wake board à partir de 5/6 ans selon leur taille, mais doivent être accompagnés par leur parents jusqu’à 10 ans.
-Seuls les grands taxis peuvent aller jusqu’au wakeboard, de ce fait vous payerez moins cher en réservant un chauffeur avec Marrakech Best Of.
-L’activité ouvre à 12h.
Voir la localisation"	"Sur un lac artificiel, vous pourrez vous amuser à faire du wake board."	"35"	""	"EUR"	"Activities"	"Route de l'Ourika"	"Tarifs 1h de wakeboard:
350 DH (35€) par personne.
300 DH (30€) par enfant de moins de 12 ans.
Vestiaire + serviette – Forfait obligatoire: 50 DH (5€) par personne.
Tarifs 2h de wakeboard:
500 DH (50€) par personne.
450 DH (45€) par enfant de moins de 12 ans.







Vestiaire + serviette – Forfait obligatoire: 50 DH (5€) par personne."	""	""	"https://marrakechbestof.com/wp-content/uploads/2018/09/waky-marrakech.jpg"	"https://marrakechbestof.com/wp-content/uploads/2018/09/waky-marrakech.jpg,https://marrakechbestof.com/wp-content/uploads/2018/09/Wakeboard-Marrakech-Waky-Sportomaroc-15.jpg,https://marrakechbestof.com/wp-content/uploads/2018/09/waky-marrakech-1-300x150-1.jpg,https://marrakechbestof.com/wp-content/uploads/2018/09/WhatsApp-Image-2024-12-28-at-11.48.43-1024x759.jpeg"	"TRUE"	"FALSE"	""	"Easy"	"Wake Board - Marrakech Best Of"	""	""
"Quad à la Palmeraie"	"Une balade inoubliable pour découvrir la Palmeraie de Marrakech !
La palmeraie est un endroit incontournable à faire lors de votre séjour, à seulement 25 minutes du centre.
INFORMATIONS IMPORTANTES :
-Le transport aller/retour depuis votre logement est inclus. D’autres personnes peut être présentes durant le trajet.
– Vous pouvez réserver cette activité si vous êtes au minimum 2 personnes.
-Vous serez accompagné du guide uniquement. Il n’y aura pas de personnes extérieures à votre groupe.
– Supplément à prévoir si votre hôtel est éloigné :
Si votre hôtel est à + de 22km de la base du partenaire de quad, voici le supplément à régler entre 2 et 6 personnes. Vous serez bien sûr mis au courant de ce supplément dès la réservation :
Hôtel situé entre 22km à 30km de la base : 150 DH Hôtel situé entre 31km à 40km de la base : 250 DH
Hôtel situé entre 41km à 50km de la base : 300 DH
-Prévoyez des chaussures fermées.
-Le paiement se fait sur place.
Le programme :
-Le chauffeur vient vous chercher à votre logement selon l’heure choisie.
-Après 25 minutes de route, vous arrivez à la Palmeraie.
-Après explication des machines, vous partez pour une balade privée de 2h avec le guide.
-Arrêt dans un bivouac traditionnel pour une pause thé.
-Plusieurs arrêts sont proposés pour prendre des photos.

Voir la localisation"	"Une balade inoubliable pour découvrir la Palmeraie de Marrakech !"	"45"	""	"EUR"	"Activities"	"Palmeraie"	"Quad kymco 300 CC (puissance moyenne): 450 DH (45€) par personne pour un quad individuel.
Quad cf 450 CC (haute puissance): 650 DH (65€) par personne pour un quad individuel.
200 dh (20€) pour le passager."	""	""	"https://marrakechbestof.com/wp-content/uploads/2018/09/tour_img-442450-148-1024x538.jpg"	"https://marrakechbestof.com/wp-content/uploads/2018/09/tour_img-442450-148-1024x538.jpg,https://marrakechbestof.com/wp-content/uploads/2018/09/photo-1024x683.jpg"	"TRUE"	"FALSE"	""	"Easy"	"Quad à la Palmeraie - Marrakech Best Of"	""	""
"Balade à cheval au Lac Lalla Takerkoust"	"Venez faire une balade à dos de cheval pour admirer le lac Lalla Takerkoust et profiter de ses paysages.
Lors de votre balade, vous passerez à travers la forêt, le lac et les montagnes environnantes.
INFORMATIONS IMPORTANTES :
-Un acompte vous sera demandé via lien de paiement pour confirmer la réservation.
-Le transport aller-retour depuis votre logement est inclus. D’autres personnes peut être présentes durant le trajet.
-Minimum 2 personnes.
-Vous serez accompagné du guide.
-Prévoyez des chaussures fermées.
-L’activité se fait en petit groupe de 5 personnes maximum.
-Vous avez le choix entre 2 formules."	"Venez faire une balade à dos de cheval pour admirer le lac Lalla Takerkoust et profiter de ses paysages."	"79"	""	"EUR"	"Activities"	"Lac Lalla Takerkoust"	"1h de balade avec transport aller retour: 790DH (79€) par personne.
1h30 de balade avec transport aller retour: 865DH (86,50€) par personne."	""	""	"https://marrakechbestof.com/wp-content/uploads/2022/07/WhatsApp-Image-2025-02-22-at-18.36.25-1-768x1024.jpeg"	"https://marrakechbestof.com/wp-content/uploads/2022/07/WhatsApp-Image-2025-02-22-at-18.36.25-1-768x1024.jpeg,https://marrakechbestof.com/wp-content/uploads/2022/07/WhatsApp-Image-2025-02-22-at-18.36.24-1-768x1024.jpeg,https://marrakechbestof.com/wp-content/uploads/2022/07/WhatsApp-Image-2025-02-22-at-18.36.24-768x1024.jpeg,https://marrakechbestof.com/wp-content/uploads/2022/07/WhatsApp-Image-2025-02-22-at-18.36.25-2-768x1024.jpeg"	"TRUE"	"FALSE"	""	"Easy"	"Balade à cheval au Lac Lalla Takerkoust - Marrakech Best Of"	""	""
"Balade en trottinette à la Palmeraie"	"Une balade inoubliable en trottinettes pour découvrir la Palmeraie de Marrakech !
La palmeraie est un endroit incontournable à faire lors de votre séjour, à seulement 25 minutes du centre.
INFORMATIONS IMPORTANTES :
-Le transport aller/retour depuis votre logement est inclus. D’autres personnes peut être présentes durant le trajet.
-Vous pouvez réserver cette activité si vous êtes au minimum 2 personnes.
-Vous serez accompagné du guide. Vous serez maximum 8 personnes par balade.
-Il est nécessaire de mesurer 1m30 minimum.
-Supplément à prévoir si votre hôtel est éloigné :
Si votre hôtel est à + de 22km de la base du partenaire, voici le supplément à régler entre 2 et 6 personnes. Vous serez bien sûr mis au courant de ce supplément dès la réservation :
Hôtel situé entre 22km à 30km de la base : 150 DH Hôtel situé entre 31km à 40km de la base : 250 DH
Hôtel situé entre 41km à 50km de la base : 300 DH
-Prévoyez des chaussures fermées.
-Le paiement se fait sur place.
Le programme :
-Le chauffeur vient vous chercher à votre logement selon l’heure choisie.
-Après 25 minutes de route, vous arrivez à la Palmeraie.
-Après explication des machines, vous partez pour une balade de 2h avec le guide.
-Arrêt dans un bivouac traditionnel pour une pause thé.
-Plusieurs arrêts sont proposés pour prendre des photos."	"Une balade inoubliable en trottinettes pour découvrir la Palmeraie de Marrakech !"	"45"	""	"EUR"	"Activities"	"Palmeraie"	"2h de balade avec transport aller retour: 45€ par personne."	""	""	"https://marrakechbestof.com/wp-content/uploads/2024/10/WhatsApp-Image-2024-10-28-at-15.42.40-1-1024x768.jpeg"	"https://marrakechbestof.com/wp-content/uploads/2024/10/WhatsApp-Image-2024-10-28-at-15.42.40-1-1024x768.jpeg,https://marrakechbestof.com/wp-content/uploads/2024/10/WhatsApp-Image-2024-10-28-at-15.43.04-768x1024.jpeg,https://marrakechbestof.com/wp-content/uploads/2024/10/WhatsApp-Image-2024-10-28-at-15.43.05-1-760x1024.jpeg"	"TRUE"	"FALSE"	""	"Easy"	"Balade en trottinette à la Palmeraie - Marrakech Best Of"	""	""
"Quad + déjeuner + accès piscine au White Camel"	"Profitez d’une magnifique journée au désert d’Agafay : l’incontournable à Marrakech.
Le désert d’Agafay est situé à 1H de route du centre. Le paysage est magnifique, ce sera une journée inoubliable.
La matinée quad sera chargée de sensations fortes puis vous profiterez d’un sublime camp pour déjeuner et pour profiter de la piscine.
Le camp The White Camel est calme, authentique et vraiment reposant.
INFORMATIONS IMPORTANTES :
-Le paiement se fait sur place, séparément auprès de chaque prestataire. Chaque personne devra régler : 70€ pour le quad, 55€ pour le camp (hors boissons), 15€ par personne pour le chauffeur retour.
-Il faudra régler chaque prestataire en espèces, en euros ou dirhams.
-Prévoyez des chaussures fermées pour le quad.
-Minimum de 2 personnes.
-Tout est compris dans cette journée, sauf les boissons.
-Supplément à partir de 200 DH (20€) pour votre groupe si votre hôtel est hors Marrakech. (+ de 10KM du centre ville)
-Le transport se fait en groupe.
-Les transporteurs vous contacteront la veille au soir sur WhatsApp.
-L’activité se fait en petit groupe
Programme de la journée :
9h ou 11h : Départ pour le quad 
Départ à 9h00 ou 11h00 de votre hôtel avec le transport (en groupe). Vous choisissez l’horaire de votre choix.
Comptez environ 1H de route
Vous démarrez ensuite 2h de balade en petit groupe avec un guide
Pause thé inclus
Le transport du quad vous dépose ensuite au camp pour le déjeuner et l’accès piscine.
Total = 700 DH (70€) par personne à régler au partenaire du quad.
Après midi piscine et déjeuner dans le camp The White Camel :
Le déjeuner comprend entrée, plat, dessert selon le menu marocain hors boissons. Vous pourrez profiter de la piscine, des transats et les serviettes sont fournies.
Total = 550 DH (55€) par personne (hors boissons) à régler au camp The White Camel.
Transport retour vers Marrakech (17h ou 19h au choix ) :
Le transport pour rentrer à Marrakech se fait en groupe.
Le chauffeur viendra vous chercher à l’heure que vous sélectionnez lors de la réservation. L’horaire ne pourra pas être changé en dernière minute.
Total = 150 DH (15€) par personne pour le transport retour"	"Profitez d’une magnifique journée au désert d’Agafay : l’incontournable à Marrakech."	"140"	""	"EUR"	"Activities"	"Désert d'Agafay"	"1400 DH (140€) par personne (minimum 2 personnes)
Les paiements se font séparément auprès de chaque prestataire. Chaque personne devra régler : 700 DH (70€) pour le quad, 550 DH (55€) pour le camp (hors boissons), 150 DH (15€) pour le chauffeur retour.
800 DH (80€) pour les enfants de 3 à 12 ans.
Les serviettes sont fournies."	""	"2"	"https://marrakechbestof.com/wp-content/uploads/2023/04/WhatsApp-Image-2023-04-10-at-13.46.56.jpeg"	"https://marrakechbestof.com/wp-content/uploads/2023/04/WhatsApp-Image-2023-04-10-at-13.46.56.jpeg,https://marrakechbestof.com/wp-content/uploads/2023/04/4A68FEC8-9BF9-4B43-BD38-FB07DFEE7CB1.jpeg,https://marrakechbestof.com/wp-content/uploads/2023/04/unnamed-9.jpeg,https://marrakechbestof.com/wp-content/uploads/2023/04/THE-WHITE-CAMEL-AGAFAY-DESERT-51-1024x683.jpeg,https://marrakechbestof.com/wp-content/uploads/2023/04/marrakech-white-camel-3-1024x652.jpeg"	"TRUE"	"FALSE"	""	"Easy"	"Quad + déjeuner + accès piscine au White Camel - Marrakech Best Of"	""	""
"Initiation golf"	"Faire du golf à Marrakech ! Une super activité pour les débutants ou les confirmés.
Au cœur d’un espace naturel vallonné, face aux sommets de l’Atlas, le golf se fond dans un fabuleux décor boisé aux courbes régulières, alternant plaines et reliefs .Ce parcours au dessin varié est adapté à tous niveaux de jeux : départs en surplomb, obstacles d’eau, green en hauteur très variés mis en valeur par une végétation typique : palmiers, cyprès et amandiers. Alliant amour de la nature et fantaisie technique, le golf Al Maaden représente un véritable défi stratégique pour les joueurs tout en restant abordable et plaisant.
Le golf Al Maaden est un parcours de championnat 18 trous qui s’étend sur 72 hectares, avec un Par 72 et une longueur totale de 6 569 mètres (7 184 yards).
Il y a un driving range de 300 mètres de long, un practice sur tapis et sur gazon, un putting green et un green d’approche ainsi que des bunkers de practice. Toutes ces infrastructures ont été réunies pour offrir un entrainement complet aussi bien aux amateurs qu’aux golfeurs avertis.

INFORMATIONS IMPORTANTES :
-Pour les débutants : on vous recommande 1h de practice avec un professeur.
-Le paiement se fait sur place.
Voir la localisation"	"Faire du golf à Marrakech ! Une super activité pour les débutants ou les confirmés."	"30"	""	"EUR"	"Activities"	"Al Maaden"	"1h de cours : 500 DH pour une personne et 600 DH pour deux personnes soit 300 DH (30€) par personne
TARIFS PAR PERSONNE 
HAUTE SAISON (15 septembre au 14 juin)
Green Fee 18 trous : 750 DH
Green Fee 9 trous : 400 DH
BASSE SAISON (15 juin au 14 septembre)
Green Fee 18 trous : 400 DH
Green Fee 9 trous : 250 DH
Autres prestations :
Voiturette pour 18 Trous : 400 DH
Voiturette pour 9 Trous : 250 DH
Golf Scooter pour 18 Trous : 250 DH
Golf Scooter pour 09 Trous : 150 DH
Chariot électrique pour 18 Trous : 150 DH
Chariot électrique pour 09 Trous : 80 DH
Chariot Manuel pour 18 Trous : 60 DH
Chariot Manuel pour 09 Trous : 40 DH
Caddies seulement sur demande :
Pour 18 Trous : 200 DH
Pour 9 Trous : 120 DH
1 seau de 40 balles de practice : 30 DH
Illimité de balles demi-journée : 150 DH
Location sac de golf pour 18 Trous : 400 ou 500 (XXIO)
Location sac de golf pour 09 Trous 250 ou 300 (XXIO)"	""	""	"https://marrakechbestof.com/wp-content/uploads/2019/02/5A444D6C-6272-4F72-85F4-84DF23D19629.jpeg"	"https://marrakechbestof.com/wp-content/uploads/2019/02/5A444D6C-6272-4F72-85F4-84DF23D19629.jpeg,https://marrakechbestof.com/wp-content/uploads/2019/02/07E377AD-A2F4-4304-B831-1DBA9EB55928.jpeg,https://marrakechbestof.com/wp-content/uploads/2019/02/35A65240-6066-4ED0-9E26-D82911A82180.jpeg,https://marrakechbestof.com/wp-content/uploads/2019/02/8844A21E-822C-43AC-B939-AB77DF35B312.jpeg"	"TRUE"	"FALSE"	""	"Easy"	"Initiation golf - Marrakech Best Of"	""	""
"Quad à Agafay"	"Balade inoubliable pour découvrir le désert d’Agafay en quad durant 2h.
Le transport aller retour de votre hôtel est compris. Le transport peut être en groupe.
INFORMATIONS IMPORTANTES :
-Le transport aller/retour depuis votre logement est inclus. D’autres personnes peut être présentes durant le trajet.
– Vous pouvez réserver cette activité si vous êtes au minimum 2 personnes.
-Supplément de 100 dh (10€) si votre hôtel est hors Marrakech. (+ de 10KM du centre ville)
-Vous serez accompagné du guide.
-Prévoyez des chaussures fermées.
-Le paiement se fait sur place.
-L’activité se fait en petit groupe
Le programme :
-Le chauffeur vient vous chercher à votre logement selon l’heure choisie.
-Après 45 minutes de route, vous arrivez au désert d’Agafay.
-Après explication des machines, vous partez pour une balade en petit groupe de 2h avec le guide.
-Arrêt dans un bivouac traditionnel pour une pause thé.
-Plusieurs arrêts sont proposés pour prendre des photos.
Voir la localisation"	"Balade inoubliable pour découvrir le désert d’Agafay en quad durant 2h."	"70"	""	"EUR"	"Activities"	"Désert d’Agafay"	"-700 DH 70€ par personne le quad puissance moyenne (300 cc marque KYMCO)
-400 DH (40€) supplémentaire pour le passager supplémentaire sur le même quad."	""	""	"https://marrakechbestof.com/wp-content/uploads/2021/07/3B971CCF-6321-4DFB-90FA-112BDFE959FD.jpeg"	"https://marrakechbestof.com/wp-content/uploads/2021/07/3B971CCF-6321-4DFB-90FA-112BDFE959FD.jpeg,https://marrakechbestof.com/wp-content/uploads/2021/07/76E966A2-12E2-44C5-970D-2233ADF3F540.jpeg,https://marrakechbestof.com/wp-content/uploads/2021/07/A28DF8E3-DCE9-4832-992E-8F832ECDC298.jpeg"	"TRUE"	"FALSE"	""	"Easy"	"Quad à Agafay - Marrakech Best Of"	""	""
"Visite du jardin Cactus Thiemann"	"Ce magnifique jardin botanique est spécialisé dans les cactus. Il cultive et vend toutes sortes de cactus, le tout sur 7 hectares.Le jardin est tellement incroyable que les propriétaires ont décidés de l’ouvrir aux personnes souhaitant le visiter.
C’est l’endroit parfait pour faire des photos totalement instagrammables! Profitez en pour les EVJF, anniversaires,…
INFORMATIONS IMPORTANTES :
 -Le paiement se fait sur place.
-Ouvert uniquement du mercredi au samedi de 10h à 16h (dernière entrée).
-Minimum de 2 personnes.
-Il est situé à 20 mn du centre de Marrakech, mais la géolocalisation est erronée sur les GPS. (Waze, Google map, plans, etc..)
– Nous réservons uniquement le pack entrée + transport. Mais pas l’entrée seule au parc.
-Supplément de 100 dh (10€) si votre hôtel est hors Marrakech. (+ de 10KM du centre ville)
Voir la localisation"	"Ce magnifique jardin botanique est spécialisé dans les cactus. Il cultive et vend toutes sortes de cactus, le tout sur 7 hectares.Le jardin est tellement incroyable que les propriétaires ont décidés de l’ouvrir aux personnes souhaitant le visiter."	"12"	""	"EUR"	"Activities"	"Route de Casablanca"	"120 DH (12€) l’entrée au jardin
Le transport coûte 300 DH (30€) pour max 7 personnes aller retour que vous devrez régler au chauffeur.
-Supplément de 100 dh (10€) si votre hôtel est hors Marrakech. (+ de 10KM du centre ville)
Nous ne réservons pas l’entrée seule au jardin."	""	"2"	"https://marrakechbestof.com/wp-content/uploads/2021/07/0B21C31E-6383-4B64-A674-0E18BBFF553F.jpeg"	"https://marrakechbestof.com/wp-content/uploads/2021/07/0B21C31E-6383-4B64-A674-0E18BBFF553F.jpeg,https://marrakechbestof.com/wp-content/uploads/2021/07/9A52DF3D-BD49-44F4-85B7-4B6F42D05B6E.jpeg,https://marrakechbestof.com/wp-content/uploads/2021/07/8B004EB4-EF9B-4577-9E31-26327F963927.png,https://marrakechbestof.com/wp-content/uploads/2021/07/07921B2E-8BF1-429F-A756-E9A3EB77ED43.jpeg,https://marrakechbestof.com/wp-content/uploads/2021/07/7B52A146-6296-47E3-976D-F1C31844AF2B.jpeg"	"TRUE"	"FALSE"	""	"Easy"	"Visite du jardin Cactus Thiemann - Marrakech Best Of"	""	""
"Balade en Side Car"	"Visitez Marrakech en Side-car !
Une activité inédite à Marrakech.Un chauffeur sympathique, qui est également guide, vous fera visiter en side-car des lieux incontournables de Marrakech et aussi des endroits magnifiques hors des sentiers battus ! Vous pouvez choisir le Désert d’Agafay, les montagnes de l’Atlas, la médina où encore la palmeraie de Marrakech, pour quelques heures où pour une journée complète.
INFORMATIONS IMPORTANTES :
-Maximum 2 personnes par sidecar.
-L’activité est possible dès 1 an. Pour les enfants de moins de 12 ans, ils devront être accompagné d’un adulte dans le side car.
–Cliquer ici pour le point de rendez-vous.
-Votre confort est leur priorité. Ainsi tout est compris dans les prix: les casques, des bouteilles d’eau et de la crème solaire sont mis à votre disposition pendant toute la balade.
-Un lien de paiement vous sera envoyé pour régler l’activité et confirmer la réservation.
Le programme :
-Rencontre au point de rendez-vous.
-Votre chauffeur vous présente l’itinéraire exclusif qu’il/elle a établi en fonction de vos envies, de vos affinités et de vos centres d’intérêt !
-Partez pour une fabuleuse balade.
Voir la localisation"	"Visitez Marrakech en Side-car !"	"1"	""	"USD"	"Activities"	"Guéliz"	"Les différentes balades :
ESSENTIAL RIDE : Médina et Palmeraie
Durée : 1h30
TARIF : 1,950 MAD par sidecar pour 1 à 2 personnes
Visitez la médina et La Palmeraie en Side Car !
Ballet incessant de couleurs chatoyantes et de scènes de vie désuètes, offrez-vous un point de vue privilégié sur la vie quotidienne dans la médina. Vous pouvez aussi choisir de partir à la découverte de la mythique palmeraie, une oasis millénaire avec ses palmiers et sa vue imprenable sur les Jbilets. Le quartier français, le Gueliz est aussi une belle balade à faire pour tous les amoureux d’art déco et de vestiges des années 30.
THE SECRET RIDE : Médina et Palmeraie
Durée : 3h00
TARIF : 2,790 MAD par sidecar pour 1 à 2 personnes.
Vous prendrez plus de temps que l’Essential Riad pour visiter la médina et la Palmeraie !
THE DÉSERT RIDE : désert d’Agafay
Durée : 6h00. De 9h00 à 15h00
Déjeuner et visites inclus
TARIF : 4,620 MAD par sidecar pour 1 à 2 personnes.
Sillonnez les paysages lunaires du désert de pierres d’Agafay avec ses villages berbères et ses luxuriantes oasis. Découvrez une école coranique du 16e siècle encore habitée par les descendants du saint fondateur et concluez cette escapade avec un déjeuner marocain dans un luxueux bivouac faisant face aux montagnes.
THE ATLAS RIDE : montagnes de l’Atlas
Durée : 10h00. De 8h00 à 18h30.
Déjeuner traditionnel inclus
TARIF : 5,200 MAD par sidecar pour 1 à 2 personnes.
Partez pour une journée d’aventure au grand air sur les contreforts des montagnes de l’Atlas.
Déjeunez dans un village berbère et explorez le lieu à pied afin d’en savoir plus sur ses traditions, son architecture et sur sa vie quotidienne.
Sur le chemin plusieurs possibilités s’offrent à vous dont un souk berbère, une kasbah du 19e siècle, un peu d’escalade pour aller voir des peintures rupestres ou emprunter les pistes du désert de pierres d’Agafay."	""	""	"https://marrakechbestof.com/wp-content/uploads/2018/12/CDAAEA5A-1ACB-4582-9573-E60C7F405821-1024x806.jpeg"	"https://marrakechbestof.com/wp-content/uploads/2018/12/CDAAEA5A-1ACB-4582-9573-E60C7F405821-1024x806.jpeg,https://marrakechbestof.com/wp-content/uploads/2018/12/F499007C-FB44-4198-AE5C-BF87F259372A-1024x806.jpeg,https://marrakechbestof.com/wp-content/uploads/2018/12/D57440B6-D2CC-473B-8ECE-16C90D69AD14-1024x806.jpeg,https://marrakechbestof.com/wp-content/uploads/2018/12/47F86BA3-BA23-4DAB-9299-3EB0EE76283D-1024x806.jpeg"	"TRUE"	"FALSE"	""	"Easy"	"Balade en Side Car - Marrakech Best Of"	""	""
"Buggy à la Palmeraie"	"Les horaires changent durant le Ramadan (du 23 mars au 20 avril inclus) :
Maximum 15h00 pour le départ de l’hôtel durant le ramadan.
Les horaires après 15h00 ne sont pas disponibles durant cette période.
Une balade inoubliable pour découvrir la Palmeraie de Marrakech en buggy !
La palmeraie est un endroit incontournable à faire lors de votre séjour, à seulement 25 minutes du centre.
INFORMATIONS IMPORTANTES :
-Le transport aller/retour depuis votre logement est inclus. D’autres personnes peut être présentes durant le trajet.
– Même si vous êtes seuls, vous payerez le tarif du buggy 2 places.
-Vous serez accompagné du guide uniquement. Il n’y aura pas de personnes extérieures à votre groupe.
– Supplément à prévoir si votre hôtel est éloigné : Si votre hôtel est à + de 22km de la base du partenaire, voici le supplément à régler entre 2 et 6 personnes. Vous serez bien sûr mis au courant de ce supplément dès la réservation :
Hôtel situé entre 22km à 30km de la base : 150 DH Hôtel situé entre 31km à 40km de la base : 250 DH
Hôtel situé entre 41km à 50km de la base : 300 DH
-Prévoyez des chaussures fermées.
-Le paiement se fait sur place.
Le programme :
-Le chauffeur vient vous chercher à votre logement selon l’heure choisie.
-Après 25 minutes de route, vous arrivez à la Palmeraie.
-Après explication des machines, vous partez pour une balade privée de 2h avec le guide.
-Arrêt dans un bivouac traditionnel pour une pause thé.
-Plusieurs arrêts sont proposés pour prendre des photos.
Voir la localisation"	"Les horaires changent durant le Ramadan (du 23 mars au 20 avril inclus) : "	"160"	""	"EUR"	"Activities"	"Palmeraie"	"-Buggy 800cc 1600dh (160€) pour 2 personnes
-Buggy 900cc 1900dh (190€) pour 2 personnes
-Buggy 1000 turbo 2500dh (250€) pour 2 personnes"	""	""	"https://marrakechbestof.com/wp-content/uploads/2018/09/palmeraie-et-desert-rocheux-pour-une-sortie-en-buggy-au-depart-de-marrakech-des-palmeraies-sauvages-villages-marocains-typiques-nature-decouverte-gomorokko_143_2048x-1-1024x747.jpg"	"https://marrakechbestof.com/wp-content/uploads/2018/09/palmeraie-et-desert-rocheux-pour-une-sortie-en-buggy-au-depart-de-marrakech-des-palmeraies-sauvages-villages-marocains-typiques-nature-decouverte-gomorokko_143_2048x-1-1024x747.jpg,https://marrakechbestof.com/wp-content/uploads/2018/09/circuit-buggy-marrakech.jpg"	"TRUE"	"FALSE"	""	"Easy"	"Buggy à la Palmeraie - Marrakech Best Of"	""	""
"Balade en moto-cross à la Palmeraie"	"Une balade inoubliable pour découvrir la Palmeraie de Marrakech en moto-cross!
La palmeraie est un endroit incontournable à faire lors de votre séjour, à seulement 25 minutes du centre.
INFORMATIONS IMPORTANTES :
-Vous pouvez réserver cette activité si vous êtes au minimum 2 personnes.
-Vous serez accompagné du guide uniquement. Il n’y aura pas de personnes extérieures à votre groupe.
-Prévoyez des chaussures fermées.
-Le paiement se fait sur place.
Le programme :
-Après explication des machines, vous partez pour une balade privée de 1h ou 2h avec le guide.
-Arrêt dans un bivouac traditionnel pour une pause thé.
-Plusieurs arrêts sont proposés pour prendre des photos."	"Une balade inoubliable pour découvrir la Palmeraie de Marrakech en moto-cross!"	"160"	""	"EUR"	"Activities"	"Palmeraie"	"TARIFS: 

1h de balade privée sans transport: 1600 DH (160€) par personne.
2h de balade privée avec transport: 2100 DH (210€) par personne.

Nous proposons 4 moto-cross:

Y2 250 CC
KTM 250 CC
KTM 450 CC
CRF 450 CC"	""	""	"https://marrakechbestof.com/wp-content/uploads/2024/01/WhatsApp-Image-2024-01-09-at-18.47.36-819x1024.jpeg"	"https://marrakechbestof.com/wp-content/uploads/2024/01/WhatsApp-Image-2024-01-09-at-18.47.36-819x1024.jpeg,https://marrakechbestof.com/wp-content/uploads/2024/01/WhatsApp-Image-2024-01-09-at-18.46.48-768x1024.jpeg"	"TRUE"	"FALSE"	""	"Easy"	"Balade en moto-cross à la Palmeraie - Marrakech Best Of"	""	""
"Balade à cheval à la Palmeraie"	"Une superbe balade à dos de cheval dans la Palmeraie pour voir de superbes paysages.
Que vous soyez débutant ou confirmé, la balade sera un véritable souvenir lors de votre séjour. Nous vous conseillons d’y aller pour le coucher de soleil ou le matin pour éviter les fortes chaleurs de l’après-midi.
INFORMATIONS IMPORTANTES :
-Les enfants peuvent monter sur un poney.
-Prévoyez des chaussures fermées.
-Le paiement se fait sur place.
– Vous pouvez réserver cette activité si vous êtes au minimum 2 personnes.
Voir la localisation"	"Une superbe balade à dos de cheval dans la Palmeraie pour voir de superbes paysages."	"40"	""	"EUR"	"Activities"	"Palmeraie"	"400 DH (40€) par personne pour une balade à cheval d’1h.
400 DH (40€) par personne pour une balade à poney d’1h.
Avec le transport compris aller retour à partir de 2 personnes"	""	""	"https://marrakechbestof.com/wp-content/uploads/2018/09/CA-Maroc-chevauchee-desert-cheval-aventure-20.jpg"	"https://marrakechbestof.com/wp-content/uploads/2018/09/CA-Maroc-chevauchee-desert-cheval-aventure-20.jpg,https://marrakechbestof.com/wp-content/uploads/2018/09/téléchargement-2-1.jpeg,https://marrakechbestof.com/wp-content/uploads/2018/09/Installations_3-1024x768.jpg,https://marrakechbestof.com/wp-content/uploads/2018/09/d0dd25e804ad57272e1c2f5cba440314_les-ecuries-de-marrakech_ecuries-de-marrakech.jpg"	"TRUE"	"FALSE"	""	"Easy"	"Balade à cheval à la Palmeraie - Marrakech Best Of"	""	""
"Shooting romantique à la poterie"	"Offrez-vous un shooting romantique privé lors de votre cours de poterie.
Profitez de ce moment pour exprimer votre créativité en duo et laissez le photographe professionnel immortaliser ces souvenirs inoubliables.
INFORMATIONS IMPORTANTES :
-L’activité dure deux heures.
-Le paiement devra être fait à l’avance. Le prestataire vous contactera et vous enverra un lien de paiement sécurisé pour régler le total par carte bancaire.
Voir la localisation"	"Offrez-vous un shooting romantique privé lors de votre cours de poterie."	"550"	""	"EUR"	"Activities"	"Sidi Ghanem"	"Prix à partir de 5500DH (550€)."	""	""	"https://marrakechbestof.com/wp-content/uploads/2024/02/WhatsApp-Image-2024-02-12-at-15.03.42-1-819x1024.jpeg"	"https://marrakechbestof.com/wp-content/uploads/2024/02/WhatsApp-Image-2024-02-12-at-15.03.42-1-819x1024.jpeg,https://marrakechbestof.com/wp-content/uploads/2024/02/WhatsApp-Image-2024-02-12-at-15.03.42-2-819x1024.jpeg,https://marrakechbestof.com/wp-content/uploads/2024/02/WhatsApp-Image-2024-02-12-at-15.03.42-3-819x1024.jpeg,https://marrakechbestof.com/wp-content/uploads/2024/02/WhatsApp-Image-2024-02-12-at-15.03.42-819x1024.jpeg,https://marrakechbestof.com/wp-content/uploads/2024/02/WhatsApp-Image-2024-02-12-at-15.03.41-3-819x1024.jpeg,https://marrakechbestof.com/wp-content/uploads/2024/02/WhatsApp-Image-2024-02-12-at-15.03.41-4-819x1024.jpeg"	"TRUE"	"FALSE"	""	"Easy"	"Shooting romantique à la poterie - Marrakech Best Of"	""	""
"Balade à cheval à Agafay"	"Une superbe balade à dos de cheval dans le désert d’Agafay pour voir de superbes paysages.
Que vous soyez débutant ou confirmé, la balade sera un véritable souvenir lors de votre séjour. Nous vous conseillons d’y aller pour le coucher de soleil ou le matin pour éviter les fortes chaleurs de l’après-midi.
INFORMATIONS IMPORTANTES :
-Vous avez le choix entre deux formules: avec ou sans transport
-Prévoyez des chaussures fermées.
-Le paiement se fait sur place.
-Vous pouvez réserver cette activité si vous êtes au minimum 2 personnes.
Le programme :
-Arrivez à Agafay vous faites connaissance avec les chevaux.
-Vous partez pour une balade d’1 heure.
-Une pause thé est proposée pendant la balade."	"Une superbe balade à dos de cheval dans le désert d’Agafay pour voir de superbes paysages."	"65"	""	"EUR"	"Activities"	"Désert d'Agafay"	"650 DH (65€) par personne pour une balade à cheval d’1h sans transport
1000 DH (100€) par personne pour une balade à cheval d’1h avec transport"	""	""	"https://marrakechbestof.com/wp-content/uploads/2024/04/IMG_4917-1024x544.jpg"	"https://marrakechbestof.com/wp-content/uploads/2024/04/IMG_4917-1024x544.jpg"	"TRUE"	"FALSE"	""	"Easy"	"Balade à cheval à Agafay - Marrakech Best Of"	""	""
"Visite des Souks et Jamaa El Fna"	"Partez à la médina et visitez les souks avec notre guide !
La visite est privée, il n’y aura que vous avec le guide.La médina de Marrakech est tout simplement magique et possède une véritable âme de jour comme de nuit.Vous partirez avec notre guide sillonner les ruelles étroites de la médina pour découvrir les différents souks, il y en a une multitude ! Comme par exemple : le souk de bijoux, de cuir, de cuivre, épices, tapis…Le guide vous donnera des explications très intéressantes sur les souks. Il sera aussi très utile lors de vos négociations si vous souhaitez faire un peu de shopping.
INFORMATIONS IMPORTANTES :
-Les horaires de visites sont 10h-14h ou 14h30-18h30. 
-Evitez de faire la visite le vendredi car c’est le jour de prière et beaucoup de boutiques ferment l’après midi.
– On vous recommande de réserver un jour entre le lundi et le jeudi pour pouvoir y voir tous les artisans.
-Un minimum de 2 personnes est exigé.
-Un acompte de 10€ sera demandé via lien de paiement pour confirmer la réservation.
-Le point de rdv avec le guide se fera devant le café médina rouge à Jamaa Al fna.
Le programme :
-Le point de rendez-vous sera donné près de Jamaa El fna.
-Vous commencerez la visite avec des explications très intéressantes sur la place Jamaa El fna.
-Vous visiterez ensuite les différents souks."	"Partez à la médina et visitez les souks avec notre guide !"	"25"	""	"EUR"	"Activities"	"Médina"	"250 DH (25€) par personne pour la demi journée avec le guide. 4h de visite.
minimum 2 personnes
Pour toutes les visites de plus de 2 personnes : toutes les personnes en plus payeront uniquement 5€ et non 25€
Exemple : vous êtes 3, 2 payeront 25€ et la 3eme personne payera 5€, soit au total 25+25+5 = 55€ la visite"	""	"2"	"https://marrakechbestof.com/wp-content/uploads/2022/01/04097B4D-07B7-4463-B958-753098C0114E.jpeg"	"https://marrakechbestof.com/wp-content/uploads/2022/01/04097B4D-07B7-4463-B958-753098C0114E.jpeg,https://marrakechbestof.com/wp-content/uploads/2022/01/EBE3A030-E88C-4A80-A4EB-A0601BB06060.jpeg,https://marrakechbestof.com/wp-content/uploads/2022/01/A37DC03C-AF44-4F15-9361-FF5B1DF182E9.jpeg,https://marrakechbestof.com/wp-content/uploads/2022/01/5D712A4B-2543-487C-A23C-0A16A5EB5CF6.jpeg,https://marrakechbestof.com/wp-content/uploads/2022/01/F78C4204-0770-42B8-BD4C-7E88BF5C0161.jpeg"	"TRUE"	"FALSE"	""	"Easy"	"Visite des Souks et Jamaa El Fna - Marrakech Best Of"	""	""
"Balade en raptor à la Palmeraie"	"Une balade inoubliable pour découvrir la Palmeraie de Marrakech sur un Raptor 700cc!
La palmeraie est un endroit incontournable à faire lors de votre séjour, à seulement 25 minutes du centre.
INFORMATIONS IMPORTANTES :
-Vous pouvez réserver cette activité si vous êtes au minimum 2 personnes.
-Vous serez accompagné du guide uniquement. Il n’y aura pas de personnes extérieures à votre groupe.
-Prévoyez des chaussures fermées.
-Le paiement se fait sur place.
Le programme :
-Après explication des machines, vous partez pour une balade privée de 1h ou 2h avec le guide.
-Arrêt dans un bivouac traditionnel pour une pause thé.
-Plusieurs arrêts sont proposés pour prendre des photos."	"Une balade inoubliable pour découvrir la Palmeraie de Marrakech sur un Raptor 700cc!"	"160"	""	"EUR"	"Activities"	"Palmeraie"	"Raptor 700 CC – 1h sans transport: 1600 DH (160€) par personne.
Raptor 700 CC – 2h avec transport: 2100 DH (210€) par personne."	""	""	"https://marrakechbestof.com/wp-content/uploads/2024/01/WhatsApp-Image-2024-01-09-at-18.47.13-768x1024.jpeg"	"https://marrakechbestof.com/wp-content/uploads/2024/01/WhatsApp-Image-2024-01-09-at-18.47.13-768x1024.jpeg"	"TRUE"	"FALSE"	""	"Easy"	"Balade en raptor à la Palmeraie - Marrakech Best Of"	""	""
"Atelier de broderie"	"Une activité originale à faire et à partager avec vos proches !
L’atelier est animé par Nadia et Khadija, deux brodeuses passionnées qui vous guideront dans la personnalisation d’une corbeille en paille avec le prénom ou le mot de votre choix.
Vous découvrirez également la boutique et l’univers de la broderie marocaine.
C’est une expérience à la fois ludique et créative, qui vous permettra de repartir avec un souvenir unique fabriqué de vos mains !
INFORMATIONS IMPORTANTES :
-3 créneaux sont possibles : 10h-12h, 14h30-16h30 ou 17h-19h.
-A partir de 10 ans.
-Le cours n’est pas privatif, vous serez avec 10 personnes maximum.
-Le paiement devra être fait à l’avance. Le prestataire vous contactera et vous enverra un lien de paiement sécurisé pour régler le total par carte bancaire.
Voir la localisation"	"Une activité originale à faire et à partager avec vos proches !"	"38"	""	"EUR"	"Activities"	"Médina"	"380 DH (38€) par personne
pour 2H d’atelier et vous repartirez avec votre corbeille personnalisé"	""	""	"https://marrakechbestof.com/wp-content/uploads/2023/11/BB12183E-3E30-4A33-AE7E-605166CD6B0D-1024x576.jpeg"	"https://marrakechbestof.com/wp-content/uploads/2023/11/BB12183E-3E30-4A33-AE7E-605166CD6B0D-1024x576.jpeg,https://marrakechbestof.com/wp-content/uploads/2023/11/954326E6-5CFC-4808-874D-3755C237522A-1024x576.jpeg,https://marrakechbestof.com/wp-content/uploads/2023/11/F22B7C03-A39F-4E1C-A13D-6BE358C93E2E-1024x576.jpeg,https://marrakechbestof.com/wp-content/uploads/2023/11/54916F06-90D0-4191-A0F4-36C476117E20-1024x576.jpeg,https://marrakechbestof.com/wp-content/uploads/2023/11/E0345D42-84F5-4010-B598-D364F3D2B296-1024x576.jpeg,https://marrakechbestof.com/wp-content/uploads/2023/11/40BF93C0-5218-4ED1-8995-90433E4DC1F1-1024x576.jpeg,https://marrakechbestof.com/wp-content/uploads/2023/11/2359D45B-8FA5-4AF7-AAD7-FAC6CAFF4982-1024x576.jpeg,https://marrakechbestof.com/wp-content/uploads/2023/11/2BA3A9D9-4365-4054-8DA7-FC3032003522-1024x576.jpeg"	"TRUE"	"FALSE"	""	"Easy"	"Atelier de broderie - Marrakech Best Of"	""	""
"Parapente"	"Découvrez Marrakech d’une manière unique avec notre activité de parapente. Envolez-vous au-dessus des montagnes de l’Atlas pour vivre une aventure inoubliable. Des sensations fortes et des vues époustouflantes vous attendent dans le ciel de Marrakech !
INFORMATIONS IMPORTANTES:
-Le paiement se fait sur place.
-Le transport aller/retour depuis votre logement est inclus.
-Supplément de 200DH (20€) si le lieu de prise en charge est situé à plus de 20km du centre ville.
-Prévoyez des chaussures fermées.
-Activité possible dès 5 ans.
-Activité interdite aux femmes enceintes.
-Merci d’indiquer votre poids en commentaire
Le programme :
-Le chauffeur vient vous chercher à votre logement selon l’heure choisie.
-Vous arrivez au point de préparation situé à environ 1h30 de Marrakech.
-Après explication du déroulé de l’activité, vous partez pour un vol de 15 à 25 min qui vous permettra de découvrir les montagnes de l’Atlas vu d’en haut.
-Suite à votre vol, vous bénéficiez d’une pause thé."	"Découvrez Marrakech d’une manière unique avec notre activité de parapente. Envolez-vous au-dessus des montagnes de l’Atlas pour vivre une aventure inoubliable. Des sensations fortes et des vues époustouflantes vous attendent dans le ciel de Marrakech !"	"70"	""	"EUR"	"Activities"	""	"700 DH (70€) par personne au lieu de 850 DH (85€) par personne."	""	""	"https://marrakechbestof.com/wp-content/uploads/2024/02/WhatsApp-Image-2024-02-02-at-11.13.37-1024x683.jpeg"	"https://marrakechbestof.com/wp-content/uploads/2024/02/WhatsApp-Image-2024-02-02-at-11.13.37-1024x683.jpeg,https://marrakechbestof.com/wp-content/uploads/2024/02/WhatsApp-Image-2024-02-02-at-11.13.41-472x1024.jpeg,https://marrakechbestof.com/wp-content/uploads/2024/02/WhatsApp-Image-2024-02-02-at-11.13.43-1-1024x768.jpeg,https://marrakechbestof.com/wp-content/uploads/2024/02/WhatsApp-Image-2024-02-02-at-11.13.53-1-1024x768.jpeg,https://marrakechbestof.com/wp-content/uploads/2024/02/WhatsApp-Image-2024-02-02-at-11.13.53-2-1024x768.jpeg,https://marrakechbestof.com/wp-content/uploads/2024/02/WhatsApp-Image-2024-02-02-at-11.13.53-1024x768.jpeg,https://marrakechbestof.com/wp-content/uploads/2024/02/WhatsApp-Image-2024-02-02-at-11.13.54-1024x768.jpeg,https://marrakechbestof.com/wp-content/uploads/2024/02/WhatsApp-Image-2024-02-02-at-11.13.57-1-1024x472.jpeg,https://marrakechbestof.com/wp-content/uploads/2024/02/WhatsApp-Image-2024-02-02-at-11.13.57-1024x768.jpeg,https://marrakechbestof.com/wp-content/uploads/2024/02/WhatsApp-Image-2024-02-02-at-11.14.00-2-1024x768.jpeg,https://marrakechbestof.com/wp-content/uploads/2024/02/WhatsApp-Image-2024-02-02-at-11.14.00-768x1024.jpeg,https://marrakechbestof.com/wp-content/uploads/2024/02/WhatsApp-Image-2024-02-02-at-11.14.02-1-768x1024.jpeg,https://marrakechbestof.com/wp-content/uploads/2024/02/WhatsApp-Image-2024-02-02-at-11.14.02-768x1024.jpeg,https://marrakechbestof.com/wp-content/uploads/2024/02/WhatsApp-Image-2024-02-02-at-11.14.04-2-768x1024.jpeg"	"TRUE"	"FALSE"	""	"Easy"	"Parapente - Marrakech Best Of"	""	""
"Dromadaire ou Quad + Accès piscine et dîner au Bédouin + Transport"	"Profitez d’une magnifique après midi et soirée au désert d’Agafay : l’incontournable à Marrakech.
Le désert d’Agafay est situé à 1H de route du centre. Le paysage est magnifique.
L’après midi quad sera chargée de sensations fortes puis vous profiterez d’un sublime coucher de soleil pour le diner et d’un spectacle gnawa, danseuse orientale et cracheur de feu à ne pas manquer !
Le camp Le Bédouin est très authentique.
INFORMATIONS IMPORTANTES :
-Le paiement se fait sur place sauf pour le Bédouin, séparément auprès de chaque prestataire. Chaque personne devra régler : 30€ pour le dromadaire, 70€ pour le quad, 55€ pour le dîner au camp (hors boissons), 15€ par personne pour le chauffeur retour.
-Le Bédouin vous contactera par e-mail pour demander le paiement intégral à l’avance via un lien de paiement afin de garantir votre réservation. En cas d’annulation, le Bédouin vous remboursera si vous annulez plus de 48 heures à l’avance.
-Il faudra régler chaque prestataire en espèces, en euros ou dirhams.
-Prévoyez des chaussures fermées pour le quad.
-Minimum de 2 personnes.
-Tout est compris dans cette après midi et soirée, sauf les boissons.
-Supplément à partir de 200 DH (20€) pour votre groupe si votre hôtel est hors Marrakech. (+ de 10KM du centre ville)
-Le transport se fait en groupe.
-Les transporteurs vous contacteront la veille au soir sur WhatsApp.
-L’activité quad se fait en petit groupe
Programme :
14h : Départ pour le quad et 14h ou 16h: Départ pour le dromadaire
Départ à 14h00 ou 16h00 de votre hôtel avec le transport (en groupe).
Comptez environ 1H de route.
Vous démarrez ensuite:
-1h de balade en petit groupe avec un guide pour le dromadaire
-2h de balade en petit groupe avec un guide pour le quad
Pause thé inclus
Le transport vous dépose ensuite au camp pour le dîner.
Total = 300 DH (30€) par personne à régler au partenaire du dromadaire.
Total = 700 DH (70€) par personne à régler au partenaire du quad.
Accès piscine et dîner dans le camp Le Bédouin :
Le dîner comprend entrée, plat, dessert selon le menu marocain hors boissons.
Vous pourrez profiter d’un spectacle gnawa (trio de chants et danses traditionnelles), d’une danseuse orientale et d’un cracheur de feu durant le dîner.
Total = 550 DH (55€) par personne (hors boissons) à régler au camp Le Bédouin.
22h : Transport retour vers Marrakech
Le transport pour rentrer à Marrakech se fait en groupe.
Total = 150 DH (15€) par personne pour le transport retour
Voir la localisation"	"Profitez d’une magnifique après midi et soirée au désert d’Agafay : l’incontournable à Marrakech."	"100"	""	"EUR"	"Activities"	"Désert d'Agafay"	"Dromadaire + Dîner au Bédouin + Transport: 

1000 DH (100€) par adulte.

Les paiements se font séparément auprès de chaque prestataire. Chaque personne devra régler : 300 DH (30€) pour le dromadaire, 550 DH (55€) pour le camp (hors boissons), 150 DH (15€) pour le chauffeur retour.

575 DH (57€) par enfant.

Les paiements se font séparément auprès de chaque prestataire. Chaque personne devra régler : 150 DH (15€) pour le dromadaire, 275 DH (27,50€) pour le camp (hors boissons), 150 DH (15€) pour le chauffeur retour.
Quad + Dîner au Bédouin + Transport

1400 DH (140€) par adulte

Les paiements se font séparément auprès de chaque prestataire. Chaque personne devra régler : 700 DH (70€) pour le quad, 550 DH (55€) pour le camp (hors boissons), 150 DH (15€) pour le chauffeur retour.

825 DH (82€) par enfant.

Les paiements se font séparément auprès de chaque prestataire. Chaque personne devra régler : 400 DH (40€) pour le quad, 275 DH (27,50€) pour le camp (hors boissons), 150 DH (15€) pour le chauffeur retour."	""	"2"	"https://marrakechbestof.com/wp-content/uploads/2023/11/restaurant-marrakech-desert-agafay-300x225-1.jpeg"	"https://marrakechbestof.com/wp-content/uploads/2023/11/restaurant-marrakech-desert-agafay-300x225-1.jpeg,https://marrakechbestof.com/wp-content/uploads/2023/11/A30F568D-E528-4D02-9BA2-10B25D3CE121-768x1024-1-225x300-1.jpeg,https://marrakechbestof.com/wp-content/uploads/2023/11/2023-10-27-1024x750.jpeg"	"TRUE"	"FALSE"	""	"Easy"	"Dromadaire ou Quad + Accès piscine et dîner au Bédouin + Transport - Marrakech Best Of"	""	""
"Visite du Palais Bahia, Palais Badii et de la Koutoubia"	"Visitez les magnifiques Palais Bahia, le Palais Badii et la mosquée de la Koutoubia durant une demi journée avec un guide de Marrakech.La visite est privée, il n’y aura que vous avec le guide.
Le Palais Bahia et Palais Badii sont deux magnifiques palais absolument à visiter durant votre séjour à Marrakech.
INFORMATIONS IMPORTANTES :
-Les horaires de visites sont 10h-14h ou 14h30-18h30.
-Le tarif d’entrée des monuments ne sont pas inclus.(100dh)
-Si vous choisissez de faire cette visite le vendredi, il risque d’y avoir plus de monde que d’habitude car les entrées des monuments sont gratuits ce jour pour les marocains.
-Nous vous recommandons de choisir un jour entre le lundi et le jeudi pour pouvoir y voir tous les artisans.
-Un acompte de 10€ sera demandé via lien de paiement.
-Le point de rdv avec le guide se fera devant le café médina rouge à Jamaa Al fna.
Programme :
-Visite du Palais Bahia avec toutes les explications du guide. Il vous racontera des anecdotes très intéressantes !
-Visite du Palais Badii avec toutes les explications du guide.
-Vous passerez devant la mosquée de la Koutoubia, car l’entrée est autorisée qu’aux musulmans. Le guide vous expliquera l’histoire de cette mosquée légendaire.
-Puis vous finirez à Jamaa El Fna et fin de la visite. Vous irez également chez un herboriste si vous le souhaitez."	"Visitez les magnifiques Palais Bahia, le Palais Badii et la mosquée de la Koutoubia durant une demi journée avec un guide de Marrakech.La visite est privée, il n’y aura que vous avec le guide."	"25"	""	"EUR"	"Activities"	"Médina"	"250 DH (25€) par personne pour la demi journée avec le guide. 4h de visite.
minimum 2 personnes
Pour toutes les visites de plus de 2 personnes : toutes les personnes en plus payeront uniquement 5€ et non 25€
Exemple : vous êtes 3, 2 payeront 25€ et la 3eme personne payera 5€, soit au total 25+25+5 = 55€ la visite"	""	""	"https://marrakechbestof.com/wp-content/uploads/2021/11/93F9ED04-0728-4F45-9D85-F7179924BEFC.jpeg"	"https://marrakechbestof.com/wp-content/uploads/2021/11/93F9ED04-0728-4F45-9D85-F7179924BEFC.jpeg,https://marrakechbestof.com/wp-content/uploads/2021/11/F31321A6-AC43-4191-9881-E4CBB857E1C5.jpeg,https://marrakechbestof.com/wp-content/uploads/2021/11/5968E559-2C22-468F-8C6F-8A0351F57C80-1024x576.jpeg"	"TRUE"	"FALSE"	""	"Easy"	"Visite du Palais Bahia, Palais Badii et de la Koutoubia - Marrakech Best Of"	""	""
"Cours de cuisine dans un riad"	"Venez découvrir et apprendre l’art culinaire marocain dans un riad marocain !
Au coeur de la médina, à côté du palais Bahia, ce cours de cuisine vous offre une immersion totale dans la culture marocaine. Aïcha,  la cheffe cuisinière vous accompagnera pour partager ses secrets et vous permettra de cuisiner dans la pure tradition.Manuela et Abdou sont également présents tout au long de l’expérience pour vous guider. Vous finirez l’activité par une dégustations des plats préparés. Selon votre préférence, vous pouvez choisir le cours du matin déjeuner , ou choisir la fin d’après-midi et diner.
N’hésitez plus, ce cours de cuisine est une véritable expérience sensorielle et enrichissante culturellement.
INFORMATIONS IMPORTANTES :
-Le paiement se fait sur place et uniquement en espèce.
-Groupe de 2 personnes minimum.
-Ce n’est pas un cours privatif, d’autres personnes peuvent être présentes, le maximum étant de 8 personnes.
Le programme :
-Votre arrivée au riad est accompagnée d’un thé à la menthe. C’est ici que votre immersion commence.
-Ensuite, vous partez au marché pour acheter les légumes et découvrir tout ce qu’il se fait de mieux sur les étales.
-Une fois retourné au riad, vous commencez la préparation des plats : une entrée, un plat et un dessert.*
-Place à la dégustation sur le patio ou sur la terrasse. Pour que votre surprise soit totale, nous vous laissez découvrir et choisir les mets que vous allez préparer avec l’équipe.
*Les options végétarienne et sans gluten sont possibles."	"Venez découvrir et apprendre l’art culinaire marocain dans un riad marocain !"	"45"	""	"EUR"	"Activities"	"Médina"	"TARIFS:
450DH (45€) pour les personnes de plus de 12 ans.
225 DH (22,50€) pour les enfants de 7 à 11 ans.
Gratuit pour les enfants jusqu’à 6 ans."	""	""	"https://marrakechbestof.com/wp-content/uploads/2022/06/47624BEA-9D68-4393-B25A-B823D893D110-1024x768.jpeg"	"https://marrakechbestof.com/wp-content/uploads/2022/06/47624BEA-9D68-4393-B25A-B823D893D110-1024x768.jpeg,https://marrakechbestof.com/wp-content/uploads/2022/06/90329BD0-0555-489C-ADA6-15CD260683F9-1024x768.jpeg,https://marrakechbestof.com/wp-content/uploads/2022/06/8D0D44A9-8DEA-4592-B7A4-A919494E6B77-768x1024.jpeg,https://marrakechbestof.com/wp-content/uploads/2022/06/F6B39173-60DB-4419-B6D3-BEE1E46D9E3B-768x1024.jpeg,https://marrakechbestof.com/wp-content/uploads/2022/06/A777A691-D193-46A7-A1AF-73D3116E5423-1024x768.jpeg,https://marrakechbestof.com/wp-content/uploads/2022/06/e68b6811-c9f5-4de5-8fe5-dd9e07d1025d.jpg-768x1024.webp"	"TRUE"	"FALSE"	""	"Easy"	"Cours de cuisine dans un riad - Marrakech Best Of"	""	""
"Atelier de tapis"	"Plongez dans l’univers de l’artisanat marocain en créant votre propre tapis aux motifs uniques !
En 4 heures, vous apprendrez les techniques traditionnelles de tissage avec un artisan passionné. L’atelier est entièrement équipé et vous repartirez avec votre création, un petit morceau de tapis fait main, symbole de votre créativité.
Aucune expérience préalable nécessaire, juste l’envie de tisser et de repartir avec une œuvre originale !
INFORMATIONS IMPORTANTES :
-Le paiement se fait sur place et en espèces uniquement
-2 créneaux sont possibles : 10h30-13h30 ou 14h30-17h30.
-A partir de 8 ans.
-Le cours n’est pas privatif. Vous serez dans un petit groupe.
Voir la localisation"	"Plongez dans l’univers de l’artisanat marocain en créant votre propre tapis aux motifs uniques !"	"58"	""	"EUR"	"Activities"	"Guéliz"	"580 DH (58€) par personne (prix identique pour les enfants)."	""	""	"https://marrakechbestof.com/wp-content/uploads/2024/11/IMG_9776-1024x683.jpeg"	"https://marrakechbestof.com/wp-content/uploads/2024/11/IMG_9776-1024x683.jpeg,https://marrakechbestof.com/wp-content/uploads/2024/11/IMG_3585-1024x683.jpg,https://marrakechbestof.com/wp-content/uploads/2024/11/IMG_3589-1024x683.jpg,https://marrakechbestof.com/wp-content/uploads/2024/11/IMG_3590-1-1024x683.jpg,https://marrakechbestof.com/wp-content/uploads/2024/11/IMG_3595-1024x683.jpg,https://marrakechbestof.com/wp-content/uploads/2024/11/IMG_3597-1024x683.jpg,https://marrakechbestof.com/wp-content/uploads/2024/11/IMG_3598-1024x683.jpg,https://marrakechbestof.com/wp-content/uploads/2024/11/IMG_3601-1024x683.jpg,https://marrakechbestof.com/wp-content/uploads/2024/11/IMG_3603-1024x683.jpg,https://marrakechbestof.com/wp-content/uploads/2024/11/IMG_3607-1024x683.jpg,https://marrakechbestof.com/wp-content/uploads/2024/11/IMG_3609-1024x683.jpg,https://marrakechbestof.com/wp-content/uploads/2024/11/IMG_3612-1024x683.jpg,https://marrakechbestof.com/wp-content/uploads/2024/11/IMG_3613-1024x683.jpg,https://marrakechbestof.com/wp-content/uploads/2024/11/IMG_3615-1024x683.jpg,https://marrakechbestof.com/wp-content/uploads/2024/11/IMG_6114-1024x568.jpg"	"TRUE"	"FALSE"	""	"Easy"	"Atelier de tapis - Marrakech Best Of"	""	""
"Le Bunker"	"Plongez dans l’univers immersif du Bunker, un jeu d’aventure captivant qui allie réflexion, esprit d’équipe et adrénaline. Vous évoluez dans un décor réaliste et relevez des défis pour accomplir votre mission. Une expérience ludique et stimulante à Marrakech.
INFORMATIONS IMPORTANTES :
-Le paiement se fait sur place.
-A partir de 10 ans.
Voir la localisation"	"Plongez dans l’univers immersif du Bunker, un jeu d’aventure captivant qui allie réflexion, esprit d’équipe et adrénaline. Vous évoluez dans un décor réaliste et relevez des défis pour accomplir votre mission. Une expérience ludique et stimulante à Marrakech."	"14"	""	"EUR"	"Activities"	"Route d'Amizmiz"	"Une partie:
140 DH (14€) par personne.
Deux parties:
200 DH (20€) par personne."	""	""	"https://marrakechbestof.com/wp-content/uploads/2025/07/DSC03906-683x1024.jpeg"	"https://marrakechbestof.com/wp-content/uploads/2025/07/DSC03906-683x1024.jpeg,https://marrakechbestof.com/wp-content/uploads/2025/07/DSC03911-683x1024.jpeg,https://marrakechbestof.com/wp-content/uploads/2025/07/DSC03921-1024x683.jpeg,https://marrakechbestof.com/wp-content/uploads/2025/07/DSC03923-1024x683.jpeg,https://marrakechbestof.com/wp-content/uploads/2025/07/DSC03930-683x1024.jpeg,https://marrakechbestof.com/wp-content/uploads/2025/07/DSC03957-683x1024.jpeg,https://marrakechbestof.com/wp-content/uploads/2025/07/DSC03993-683x1024.jpeg,https://marrakechbestof.com/wp-content/uploads/2025/07/DSC03994-1-683x1024.jpeg,https://marrakechbestof.com/wp-content/uploads/2025/07/image00003-576x1024.jpeg,https://marrakechbestof.com/wp-content/uploads/2025/07/image00014-1-576x1024.jpeg,https://marrakechbestof.com/wp-content/uploads/2025/07/image00017-1-576x1024.jpeg,https://marrakechbestof.com/wp-content/uploads/2025/07/IMG_0001-768x1024.jpg"	"TRUE"	"FALSE"	""	"Easy"	"Le Bunker - Marrakech Best Of"	""	""
"Balade en Jeep à Agafay"	"Partez à la découverte du désert d’Agafay au volant d’une Jeep de collection.
Pendant 2 heures, vous découvrirez de magnifiques paysages.
INFORMATIONS IMPORTANTES :
-Un acompte de 20% sera demandé via lien de paiement pour confirmer la réservation.
-Minimum de 2 personnes.
-Prévoyez des chaussures fermées.
-Nous vous conseillons de bien vous couvrir.
-5 ans de permis nécessaire pour les conducteurs.
-Supplément à prévoir si votre hôtel est éloigné :
Si votre hôtel est à + de 5km du centre-ville de Marrakech, un supplément de 10€ par personne sera demandé.
Le programme :
-Le chauffeur vient vous chercher à votre logement selon l’heure choisie.
-Après 45 minutes de route, vous arrivez au lieu du début de l’activité pour découvrir les machines.
-Début de la balade de 2h avec le guide dans le désert d’Agafay.
-Arrêt dans un bivouac traditionnel pour une pause thé.
-Plusieurs arrêts sont proposés pour prendre des photos."	"Partez à la découverte du désert d’Agafay au volant d’une Jeep de collection."	"85"	""	"EUR"	"Activities"	"Désert d’Agafay"	"850DH (85€) par personne.
150DH (15€) pour les enfants.
2 adultes minimum"	""	"2"	"https://marrakechbestof.com/wp-content/uploads/2025/01/WhatsApp-Image-2025-01-25-at-11.50.31-768x1024.jpeg"	"https://marrakechbestof.com/wp-content/uploads/2025/01/WhatsApp-Image-2025-01-25-at-11.50.31-768x1024.jpeg,https://marrakechbestof.com/wp-content/uploads/2025/01/WhatsApp-Image-2025-01-25-at-11.50.41-768x1024.jpeg,https://marrakechbestof.com/wp-content/uploads/2025/01/WhatsApp-Image-2025-01-25-at-11.50.59-2-768x1024.jpeg"	"TRUE"	"FALSE"	""	"Easy"	"Balade en Jeep à Agafay - Marrakech Best Of"	""	""
